Objective,AvgSim_Nodes,BestLO_Nodes,Global_Nodes,AvgSim_Edges,BestLO_Edges,Global_Edges
78612,0.732359,0.769912,0.680672,0.259976,0.298701,0.265823
72573,0.79624,0.818182,0.785714,0.31926,0.333333,0.333333
72667,0.788224,0.801802,0.769912,0.322525,0.360544,0.333333
74542,0.770423,0.785714,0.709402,0.301469,0.315789,0.298701
73928,0.794189,0.801802,0.785714,0.29197,0.333333,0.369863
72013,0.783883,0.785714,0.834862,0.312765,0.324503,0.37931
73592,0.812646,0.801802,0.785714,0.308467,0.290323,0.298701
72444,0.793628,0.818182,0.769912,0.341361,0.369863,0.369863
73593,0.803389,0.769912,0.73913,0.300432,0.265823,0.290323
75238,0.789917,0.754386,0.709402,0.274732,0.242236,0.234568
77241,0.767959,0.724138,0.639344,0.287973,0.257862,0.226994
72419,0.785575,0.801802,0.769912,0.310101,0.342282,0.342282
74541,0.774316,0.801802,0.754386,0.304385,0.282051,0.324503
73772,0.822123,0.801802,0.754386,0.301759,0.282051,0.30719
74559,0.790572,0.769912,0.73913,0.292443,0.273885,0.265823
73807,0.789417,0.834862,0.754386,0.307338,0.30719,0.342282
73038,0.799278,0.834862,0.769912,0.312382,0.324503,0.351351
74714,0.79209,0.801802,0.724138,0.276783,0.30719,0.226994
74340,0.809527,0.769912,0.694915,0.331655,0.342282,0.273885
73670,0.796538,0.785714,0.785714,0.310742,0.30719,0.351351
72714,0.812561,0.801802,0.724138,0.335134,0.30719,0.360544
72382,0.784202,0.801802,0.769912,0.331017,0.342282,0.369863
73673,0.808166,0.834862,0.785714,0.285675,0.265823,0.30719
75243,0.798996,0.769912,0.73913,0.2908,0.273885,0.30719
73113,0.800824,0.801802,0.769912,0.303477,0.388889,0.342282
75086,0.782777,0.709402,0.694915,0.301937,0.242236,0.282051
75579,0.791523,0.785714,0.724138,0.295597,0.351351,0.324503
72881,0.803389,0.834862,0.754386,0.320977,0.369863,0.37931
75766,0.807723,0.769912,0.73913,0.27502,0.265823,0.257862
72889,0.781349,0.851852,0.785714,0.288572,0.333333,0.351351
73247,0.770013,0.801802,0.818182,0.275986,0.298701,0.290323
72491,0.778098,0.801802,0.801802,0.299559,0.315789,0.37931
73515,0.759335,0.834862,0.801802,0.27793,0.30719,0.30719
74586,0.804275,0.754386,0.724138,0.304837,0.30719,0.351351
73436,0.800615,0.785714,0.73913,0.312427,0.30719,0.315789
73547,0.789549,0.769912,0.754386,0.296711,0.234568,0.30719
72488,0.793853,0.851852,0.769912,0.322224,0.333333,0.342282
73417,0.800079,0.834862,0.769912,0.290583,0.324503,0.315789
73111,0.773916,0.818182,0.785714,0.313207,0.408451,0.360544
75112,0.787181,0.801802,0.724138,0.274278,0.273885,0.242236
74518,0.773577,0.785714,0.73913,0.276693,0.290323,0.290323
75211,0.806141,0.754386,0.694915,0.295148,0.298701,0.282051
74226,0.801801,0.769912,0.724138,0.315378,0.30719,0.30719
73651,0.806382,0.801802,0.769912,0.300993,0.265823,0.290323
74521,0.76182,0.709402,0.694915,0.299903,0.282051,0.324503
76211,0.735018,0.694915,0.680672,0.267566,0.25,0.25
73745,0.790442,0.769912,0.73913,0.28839,0.324503,0.398601
75402,0.780016,0.785714,0.724138,0.310163,0.428571,0.333333
74514,0.788461,0.801802,0.769912,0.285933,0.315789,0.342282
73861,0.786011,0.769912,0.754386,0.299753,0.342282,0.315789
74473,0.79867,0.801802,0.73913,0.322952,0.369863,0.342282
72810,0.786692,0.818182,0.801802,0.31455,0.342282,0.351351
74798,0.775793,0.785714,0.73913,0.304072,0.333333,0.351351
73677,0.779582,0.754386,0.769912,0.30196,0.315789,0.351351
75373,0.76916,0.724138,0.709402,0.310238,0.298701,0.342282
73523,0.798891,0.769912,0.769912,0.308597,0.298701,0.333333
72803,0.810643,0.851852,0.769912,0.317916,0.315789,0.315789
73574,0.798183,0.785714,0.801802,0.280648,0.282051,0.315789
73861,0.802833,0.785714,0.769912,0.32335,0.324503,0.360544
73408,0.80391,0.818182,0.754386,0.308457,0.315789,0.315789
77671,0.743308,0.709402,0.694915,0.281775,0.265823,0.290323
73673,0.787752,0.801802,0.754386,0.293043,0.298701,0.324503
75602,0.725239,0.666667,0.724138,0.290366,0.282051,0.290323
75036,0.758158,0.754386,0.73913,0.279924,0.290323,0.342282
73693,0.800194,0.818182,0.769912,0.306781,0.37931,0.388889
75615,0.779734,0.724138,0.680672,0.289125,0.257862,0.273885
74140,0.760243,0.818182,0.785714,0.260773,0.282051,0.30719
74976,0.773294,0.818182,0.73913,0.268035,0.388889,0.315789
74517,0.787307,0.769912,0.769912,0.281103,0.265823,0.351351
73911,0.794069,0.785714,0.724138,0.292448,0.25,0.282051
74958,0.799099,0.754386,0.709402,0.320871,0.282051,0.298701
76157,0.750281,0.709402,0.680672,0.289683,0.242236,0.25
73435,0.799281,0.785714,0.769912,0.294449,0.242236,0.282051
73310,0.773763,0.834862,0.754386,0.29517,0.298701,0.333333
73681,0.766367,0.886792,0.769912,0.271073,0.360544,0.282051
73415,0.792494,0.801802,0.73913,0.310892,0.265823,0.30719
72343,0.804113,0.834862,0.801802,0.308158,0.342282,0.369863
72948,0.77904,0.801802,0.769912,0.293241,0.37931,0.324503
74272,0.783809,0.73913,0.709402,0.309082,0.30719,0.25
75023,0.789626,0.785714,0.709402,0.29314,0.265823,0.315789
75898,0.778502,0.818182,0.73913,0.266902,0.226994,0.226994
72884,0.797189,0.818182,0.785714,0.306479,0.30719,0.388889
71615,0.778842,0.769912,0.785714,0.336633,0.398601,0.438849
74657,0.786478,0.754386,0.709402,0.306764,0.298701,0.342282
73956,0.780106,0.769912,0.709402,0.312019,0.290323,0.282051
74651,0.739065,0.73913,0.709402,0.295555,0.351351,0.282051
74983,0.785209,0.785714,0.709402,0.304894,0.290323,0.273885
72478,0.78513,0.769912,0.785714,0.321611,0.398601,0.398601
74974,0.792637,0.73913,0.724138,0.308832,0.315789,0.333333
75211,0.779608,0.73913,0.680672,0.314128,0.298701,0.298701
75849,0.746461,0.709402,0.694915,0.300175,0.298701,0.298701
71396,0.805799,0.818182,0.754386,0.338971,0.369863,0.360544
78267,0.745585,0.724138,0.754386,0.268824,0.25,0.30719
75429,0.775361,0.754386,0.724138,0.275004,0.282051,0.315789
74186,0.784914,0.785714,0.724138,0.306861,0.360544,0.282051
72948,0.780664,0.818182,0.769912,0.304246,0.342282,0.290323
74295,0.781467,0.801802,0.769912,0.288336,0.30719,0.315789
75402,0.741267,0.724138,0.666667,0.291876,0.282051,0.282051
75311,0.787624,0.769912,0.724138,0.286699,0.290323,0.282051
73573,0.788539,0.785714,0.724138,0.315017,0.351351,0.342282
72827,0.787772,0.834862,0.754386,0.297135,0.342282,0.25
74043,0.809434,0.754386,0.724138,0.304757,0.282051,0.30719
74556,0.80547,0.754386,0.709402,0.30791,0.30719,0.282051
73831,0.796843,0.769912,0.709402,0.308705,0.324503,0.351351
75845,0.783992,0.73913,0.709402,0.299641,0.265823,0.342282
74141,0.761666,0.769912,0.785714,0.272457,0.282051,0.298701
75414,0.780023,0.818182,0.709402,0.301971,0.369863,0.282051
74532,0.790015,0.785714,0.73913,0.288548,0.298701,0.30719
74986,0.777233,0.754386,0.709402,0.329313,0.315789,0.282051
74310,0.807019,0.769912,0.73913,0.287501,0.242236,0.265823
74661,0.768534,0.724138,0.724138,0.301953,0.342282,0.342282
72175,0.807053,0.785714,0.73913,0.329374,0.30719,0.315789
77143,0.771387,0.694915,0.666667,0.282706,0.242236,0.265823
72998,0.783941,0.801802,0.769912,0.321131,0.333333,0.351351
74092,0.789343,0.818182,0.785714,0.298973,0.257862,0.30719
74106,0.758936,0.754386,0.709402,0.302415,0.265823,0.315789
73653,0.767706,0.851852,0.801802,0.289948,0.282051,0.342282
74732,0.771843,0.73913,0.73913,0.292174,0.265823,0.290323
74218,0.77399,0.73913,0.694915,0.298875,0.333333,0.30719
75858,0.766224,0.724138,0.694915,0.288409,0.257862,0.282051
73785,0.792854,0.834862,0.801802,0.298188,0.351351,0.333333
74297,0.786138,0.754386,0.724138,0.309497,0.290323,0.30719
74330,0.779143,0.754386,0.754386,0.306501,0.257862,0.369863
74938,0.760702,0.834862,0.754386,0.290218,0.351351,0.324503
76093,0.764788,0.73913,0.724138,0.306768,0.273885,0.242236
72006,0.795686,0.834862,0.785714,0.324025,0.37931,0.315789
74165,0.811303,0.818182,0.73913,0.31509,0.324503,0.324503
73845,0.802892,0.769912,0.769912,0.305563,0.333333,0.388889
74995,0.780952,0.769912,0.724138,0.284529,0.298701,0.30719
73859,0.777564,0.801802,0.754386,0.296436,0.37931,0.315789
72790,0.797775,0.801802,0.785714,0.310086,0.315789,0.342282
73405,0.77589,0.769912,0.724138,0.31198,0.324503,0.298701
74079,0.779457,0.754386,0.724138,0.302918,0.324503,0.324503
73302,0.808158,0.851852,0.785714,0.313747,0.37931,0.333333
76047,0.776066,0.73913,0.709402,0.287323,0.265823,0.273885
75906,0.73959,0.785714,0.73913,0.271048,0.265823,0.30719
76109,0.769789,0.709402,0.709402,0.275947,0.219512,0.242236
76649,0.746032,0.694915,0.680672,0.284324,0.273885,0.257862
74419,0.802035,0.754386,0.724138,0.303427,0.273885,0.290323
72836,0.785872,0.851852,0.769912,0.332788,0.388889,0.408451
73724,0.777347,0.834862,0.769912,0.280538,0.333333,0.290323
75300,0.769393,0.834862,0.769912,0.27971,0.342282,0.315789
72930,0.776432,0.769912,0.785714,0.294952,0.342282,0.369863
74122,0.805801,0.785714,0.73913,0.309653,0.257862,0.242236
74800,0.787091,0.785714,0.709402,0.291324,0.290323,0.234568
77437,0.766296,0.73913,0.680672,0.28398,0.273885,0.290323
73354,0.786565,0.818182,0.754386,0.317359,0.333333,0.298701
74592,0.793158,0.785714,0.724138,0.30177,0.290323,0.25
72767,0.765038,0.834862,0.801802,0.310336,0.351351,0.37931
74837,0.78959,0.724138,0.680672,0.308331,0.265823,0.234568
75948,0.743956,0.73913,0.709402,0.284975,0.265823,0.290323
73365,0.777506,0.834862,0.754386,0.294509,0.408451,0.342282
73736,0.791777,0.769912,0.724138,0.314614,0.315789,0.333333
75258,0.785739,0.73913,0.724138,0.311916,0.282051,0.290323
76171,0.73604,0.694915,0.694915,0.301568,0.290323,0.324503
72664,0.801653,0.801802,0.769912,0.324328,0.333333,0.360544
74667,0.761187,0.754386,0.709402,0.298784,0.298701,0.315789
74374,0.770261,0.724138,0.709402,0.296237,0.351351,0.315789
73004,0.789752,0.785714,0.73913,0.312188,0.324503,0.30719
74202,0.813458,0.818182,0.73913,0.31113,0.298701,0.315789
73540,0.782654,0.754386,0.769912,0.301995,0.290323,0.290323
77288,0.760128,0.680672,0.680672,0.281286,0.290323,0.265823
73924,0.793458,0.834862,0.754386,0.308828,0.388889,0.342282
73082,0.791088,0.869159,0.769912,0.292617,0.37931,0.282051
72993,0.811798,0.818182,0.769912,0.294695,0.333333,0.298701
75628,0.763614,0.724138,0.709402,0.277057,0.282051,0.257862
75854,0.78265,0.754386,0.694915,0.308303,0.324503,0.290323
73643,0.787785,0.801802,0.769912,0.319488,0.298701,0.37931
73724,0.80771,0.801802,0.73913,0.316093,0.360544,0.351351
74237,0.80066,0.769912,0.694915,0.313268,0.298701,0.265823
74227,0.787946,0.769912,0.724138,0.304806,0.298701,0.30719
73385,0.807491,0.801802,0.754386,0.302733,0.315789,0.315789
76841,0.748887,0.694915,0.680672,0.275934,0.242236,0.242236
72849,0.778198,0.801802,0.754386,0.313459,0.30719,0.298701
75001,0.80719,0.754386,0.724138,0.302877,0.257862,0.298701
73423,0.804273,0.801802,0.73913,0.332033,0.428571,0.351351
73999,0.804016,0.818182,0.73913,0.30969,0.282051,0.257862
72328,0.786427,0.769912,0.785714,0.311101,0.298701,0.324503
73614,0.78568,0.801802,0.754386,0.32299,0.351351,0.333333
76390,0.74158,0.801802,0.724138,0.267714,0.282051,0.273885
75365,0.792285,0.785714,0.694915,0.308545,0.342282,0.298701
72999,0.801593,0.769912,0.754386,0.333829,0.324503,0.342282
73711,0.793421,0.818182,0.754386,0.296317,0.298701,0.273885
73946,0.777052,0.73913,0.73913,0.302936,0.290323,0.30719
73806,0.784752,0.785714,0.754386,0.319121,0.298701,0.360544
75219,0.766261,0.724138,0.73913,0.283899,0.298701,0.298701
74002,0.795938,0.769912,0.709402,0.301275,0.282051,0.273885
74390,0.78803,0.754386,0.709402,0.317136,0.273885,0.298701
74217,0.7815,0.801802,0.73913,0.306104,0.298701,0.315789
76722,0.783373,0.785714,0.694915,0.286952,0.369863,0.30719
75634,0.789199,0.769912,0.724138,0.286462,0.257862,0.25
73939,0.794019,0.754386,0.73913,0.308294,0.315789,0.333333
74474,0.809519,0.801802,0.724138,0.304738,0.282051,0.351351
73305,0.804024,0.769912,0.709402,0.342515,0.360544,0.342282
75646,0.758137,0.694915,0.694915,0.286556,0.257862,0.290323
73250,0.786227,0.801802,0.785714,0.306859,0.315789,0.324503
72673,0.805097,0.818182,0.785714,0.2936,0.388889,0.369863
74622,0.757626,0.769912,0.769912,0.266904,0.234568,0.315789
79316,0.73485,0.73913,0.680672,0.288277,0.298701,0.30719
75501,0.785105,0.769912,0.73913,0.302929,0.315789,0.342282
75801,0.785121,0.769912,0.709402,0.29636,0.298701,0.265823
74159,0.786618,0.754386,0.73913,0.318555,0.360544,0.398601
73274,0.796843,0.818182,0.785714,0.332003,0.342282,0.449275
73740,0.746975,0.785714,0.785714,0.278435,0.342282,0.30719
73321,0.799495,0.769912,0.754386,0.320073,0.282051,0.360544
74874,0.763728,0.724138,0.709402,0.275538,0.234568,0.265823
75934,0.796774,0.785714,0.73913,0.290181,0.273885,0.273885
76185,0.773581,0.73913,0.709402,0.276015,0.273885,0.273885
73514,0.759102,0.769912,0.785714,0.276202,0.282051,0.324503
75144,0.794445,0.769912,0.694915,0.289728,0.298701,0.212121
74986,0.800969,0.785714,0.694915,0.292291,0.333333,0.273885
75059,0.795516,0.73913,0.680672,0.321502,0.315789,0.324503
74616,0.788873,0.769912,0.73913,0.286748,0.257862,0.257862
74884,0.795412,0.818182,0.754386,0.300188,0.333333,0.315789
73641,0.78998,0.801802,0.73913,0.315502,0.315789,0.333333
73662,0.790374,0.818182,0.769912,0.292332,0.37931,0.360544
75236,0.774386,0.73913,0.709402,0.281444,0.290323,0.226994
72820,0.802166,0.785714,0.73913,0.327338,0.315789,0.360544
72408,0.799672,0.818182,0.801802,0.315001,0.342282,0.37931
73450,0.766668,0.769912,0.709402,0.29955,0.333333,0.265823
73191,0.815517,0.785714,0.769912,0.316104,0.273885,0.315789
73612,0.792958,0.769912,0.754386,0.311993,0.333333,0.324503
73283,0.79488,0.785714,0.785714,0.29062,0.290323,0.324503
74093,0.790788,0.724138,0.709402,0.298543,0.298701,0.315789
74166,0.779921,0.709402,0.709402,0.312324,0.273885,0.282051
74086,0.815153,0.818182,0.73913,0.318338,0.290323,0.298701
74798,0.78251,0.834862,0.754386,0.310366,0.360544,0.333333
74678,0.78992,0.769912,0.769912,0.275309,0.30719,0.298701
73461,0.786125,0.769912,0.785714,0.308614,0.342282,0.333333
72974,0.796309,0.801802,0.73913,0.315072,0.408451,0.369863
74049,0.777113,0.801802,0.754386,0.30156,0.30719,0.351351
75271,0.788846,0.818182,0.73913,0.270985,0.265823,0.265823
73123,0.785624,0.754386,0.769912,0.312687,0.298701,0.342282
73207,0.800588,0.754386,0.73913,0.33142,0.315789,0.342282
76270,0.765299,0.73913,0.769912,0.271894,0.242236,0.226994
72017,0.79163,0.801802,0.801802,0.324557,0.37931,0.37931
73992,0.765147,0.769912,0.754386,0.291761,0.30719,0.282051
74595,0.808864,0.785714,0.754386,0.311091,0.298701,0.298701
72860,0.797003,0.785714,0.73913,0.32687,0.333333,0.315789
74096,0.782251,0.834862,0.769912,0.29509,0.333333,0.324503
73800,0.802723,0.801802,0.73913,0.316092,0.30719,0.324503
76137,0.77651,0.769912,0.709402,0.267027,0.242236,0.25
73104,0.797858,0.834862,0.785714,0.312264,0.315789,0.351351
74280,0.803206,0.769912,0.73913,0.308922,0.282051,0.298701
74595,0.802326,0.801802,0.769912,0.30174,0.282051,0.30719
74648,0.78718,0.834862,0.73913,0.306257,0.369863,0.298701
72643,0.771839,0.769912,0.785714,0.29113,0.25,0.290323
73423,0.781106,0.73913,0.724138,0.299479,0.242236,0.282051
71407,0.793089,0.851852,0.785714,0.332024,0.408451,0.351351
75561,0.773945,0.785714,0.73913,0.291938,0.30719,0.333333
76064,0.725887,0.769912,0.724138,0.264603,0.298701,0.290323
76716,0.760535,0.709402,0.666667,0.292335,0.25,0.242236
74834,0.749157,0.73913,0.73913,0.304296,0.290323,0.30719
71709,0.780258,0.818182,0.818182,0.30155,0.369863,0.449275
76934,0.762938,0.724138,0.680672,0.280216,0.273885,0.265823
73617,0.796284,0.818182,0.769912,0.311571,0.333333,0.333333
74013,0.762553,0.851852,0.754386,0.294826,0.351351,0.324503
74361,0.803573,0.785714,0.73913,0.314788,0.290323,0.290323
73666,0.809636,0.754386,0.709402,0.318482,0.282051,0.282051
77976,0.76223,0.769912,0.680672,0.275065,0.324503,0.25
74262,0.800498,0.785714,0.73913,0.311216,0.351351,0.298701
73145,0.789125,0.801802,0.73913,0.310968,0.342282,0.351351
73485,0.788593,0.785714,0.785714,0.290155,0.30719,0.333333
71242,0.777489,1,0.818182,0.308553,1,0.428571
73195,0.791582,0.801802,0.754386,0.295326,0.324503,0.282051
74448,0.818188,0.785714,0.73913,0.300201,0.273885,0.290323
73878,0.790568,0.73913,0.724138,0.317122,0.290323,0.273885
75234,0.787454,0.769912,0.680672,0.304266,0.342282,0.273885
73070,0.776195,0.785714,0.818182,0.286682,0.282051,0.351351
72363,0.797709,0.834862,0.818182,0.314755,0.298701,0.369863
76079,0.755838,0.709402,0.666667,0.303508,0.290323,0.273885
74218,0.770942,0.769912,0.724138,0.295834,0.324503,0.324503
72922,0.807293,0.818182,0.73913,0.333504,0.333333,0.333333
75179,0.79609,0.754386,0.724138,0.30506,0.282051,0.298701
74352,0.80152,0.818182,0.754386,0.308694,0.298701,0.298701
74705,0.765941,0.724138,0.680672,0.303038,0.290323,0.290323
73817,0.765479,0.769912,0.709402,0.323903,0.398601,0.351351
73068,0.80786,0.801802,0.754386,0.313929,0.30719,0.333333
74389,0.793259,0.801802,0.724138,0.293982,0.30719,0.298701
74868,0.785738,0.73913,0.694915,0.290655,0.257862,0.290323
72949,0.798371,0.754386,0.73913,0.332519,0.324503,0.342282
74424,0.784113,0.769912,0.724138,0.290934,0.30719,0.25
75627,0.797641,0.754386,0.724138,0.289778,0.290323,0.273885
75181,0.798116,0.769912,0.754386,0.290823,0.298701,0.30719
74238,0.79656,0.754386,0.694915,0.30277,0.282051,0.282051
75300,0.786645,0.769912,0.709402,0.309255,0.333333,0.342282
73885,0.785137,0.801802,0.754386,0.312038,0.30719,0.333333
75492,0.766691,0.785714,0.73913,0.286378,0.315789,0.273885
75505,0.768646,0.801802,0.73913,0.277538,0.324503,0.242236
75891,0.783819,0.73913,0.680672,0.286702,0.282051,0.282051
76542,0.774636,0.73913,0.694915,0.289803,0.212121,0.25
75780,0.795568,0.769912,0.709402,0.302418,0.265823,0.265823
75212,0.757643,0.694915,0.680672,0.309249,0.282051,0.265823
73911,0.791384,0.73913,0.73913,0.315407,0.282051,0.324503
77509,0.765974,0.724138,0.666667,0.285294,0.265823,0.290323
75863,0.761653,0.709402,0.680672,0.269483,0.212121,0.176471
75193,0.782415,0.709402,0.639344,0.323204,0.333333,0.351351
73443,0.788042,0.769912,0.769912,0.295686,0.273885,0.30719
73839,0.795748,0.785714,0.754386,0.307133,0.30719,0.30719
75512,0.787422,0.73913,0.694915,0.306692,0.290323,0.315789
75137,0.785129,0.724138,0.724138,0.292483,0.234568,0.257862
74119,0.790774,0.769912,0.724138,0.299131,0.315789,0.324503
73298,0.811903,0.801802,0.754386,0.319602,0.351351,0.324503
73286,0.792845,0.818182,0.724138,0.310842,0.37931,0.315789
73304,0.811698,0.769912,0.73913,0.341324,0.282051,0.324503
74825,0.797849,0.754386,0.694915,0.308393,0.282051,0.273885
76359,0.781439,0.754386,0.694915,0.288068,0.25,0.25
73385,0.794037,0.869159,0.785714,0.307408,0.360544,0.342282
74734,0.781663,0.73913,0.709402,0.293979,0.282051,0.333333
75913,0.759136,0.73913,0.680672,0.282187,0.351351,0.324503
76907,0.761124,0.73913,0.666667,0.296138,0.315789,0.324503
73078,0.776215,0.834862,0.785714,0.300077,0.282051,0.324503
74708,0.793761,0.769912,0.73913,0.292124,0.282051,0.282051
73092,0.798053,0.801802,0.801802,0.318809,0.324503,0.298701
72438,0.774074,0.801802,0.834862,0.301509,0.342282,0.37931
72488,0.806576,0.818182,0.785714,0.330405,0.369863,0.408451
73210,0.783047,0.869159,0.785714,0.29724,0.360544,0.342282
73488,0.766188,0.801802,0.801802,0.290846,0.315789,0.388889
74433,0.798197,0.818182,0.73913,0.305504,0.315789,0.315789
74668,0.790677,0.73913,0.724138,0.299241,0.273885,0.30719
73638,0.785592,0.769912,0.694915,0.320357,0.315789,0.298701
75660,0.782546,0.724138,0.709402,0.279159,0.212121,0.273885
73305,0.790788,0.785714,0.769912,0.304123,0.333333,0.324503
74796,0.789522,0.785714,0.724138,0.296188,0.351351,0.298701
76706,0.747662,0.818182,0.709402,0.270988,0.324503,0.290323
74286,0.790154,0.818182,0.709402,0.308058,0.324503,0.273885
73859,0.769428,0.769912,0.754386,0.27215,0.290323,0.282051
74478,0.806717,0.801802,0.754386,0.299569,0.351351,0.298701
72687,0.800412,0.801802,0.73913,0.332566,0.398601,0.369863
74751,0.7733,0.769912,0.709402,0.331817,0.360544,0.315789
74421,0.794702,0.769912,0.73913,0.285163,0.30719,0.282051
73476,0.794529,0.801802,0.73913,0.315625,0.315789,0.342282
72070,0.815447,0.801802,0.754386,0.342765,0.30719,0.388889
73001,0.784437,0.834862,0.754386,0.330332,0.342282,0.342282
76413,0.772696,0.709402,0.680672,0.296969,0.290323,0.324503
73493,0.775593,0.754386,0.754386,0.308018,0.282051,0.282051
74807,0.796809,0.801802,0.769912,0.2921,0.265823,0.265823
74800,0.806545,0.785714,0.724138,0.325088,0.324503,0.298701
73310,0.813396,0.785714,0.769912,0.321496,0.360544,0.324503
74056,0.793272,0.834862,0.801802,0.299343,0.315789,0.41844
74930,0.783631,0.818182,0.73913,0.289305,0.30719,0.265823
74198,0.783476,0.785714,0.724138,0.283081,0.273885,0.242236
73860,0.799555,0.834862,0.769912,0.308002,0.351351,0.324503
74642,0.755003,0.724138,0.785714,0.287291,0.257862,0.324503
73537,0.805432,0.801802,0.73913,0.31794,0.37931,0.298701
73033,0.781399,0.801802,0.724138,0.303309,0.333333,0.290323
74705,0.757442,0.709402,0.724138,0.297723,0.282051,0.282051
73886,0.795417,0.801802,0.769912,0.301932,0.290323,0.315789
73232,0.805853,0.801802,0.754386,0.309792,0.298701,0.30719
74201,0.792475,0.785714,0.724138,0.311498,0.333333,0.298701
74182,0.804355,0.754386,0.724138,0.31687,0.298701,0.342282
73178,0.800243,0.785714,0.769912,0.300032,0.290323,0.298701
72752,0.788523,0.834862,0.769912,0.307691,0.351351,0.324503
74495,0.788282,0.724138,0.680672,0.31546,0.290323,0.290323
73389,0.800833,0.818182,0.73913,0.308875,0.282051,0.30719
72616,0.806965,0.851852,0.801802,0.316712,0.41844,0.351351
74548,0.811918,0.801802,0.754386,0.3021,0.290323,0.298701
72743,0.785955,0.769912,0.818182,0.318022,0.324503,0.428571
74702,0.804623,0.801802,0.724138,0.303263,0.25,0.242236
72733,0.803342,0.785714,0.73913,0.323637,0.324503,0.30719
73943,0.788429,0.785714,0.73913,0.303612,0.333333,0.30719
72837,0.82589,0.818182,0.754386,0.323586,0.369863,0.360544
73982,0.789677,0.785714,0.73913,0.284565,0.265823,0.282051
73873,0.77067,0.754386,0.680672,0.302954,0.351351,0.30719
74540,0.793018,0.801802,0.724138,0.299203,0.324503,0.273885
75127,0.77494,0.769912,0.769912,0.282379,0.273885,0.333333
73055,0.80497,0.769912,0.73913,0.32963,0.342282,0.428571
75530,0.764021,0.709402,0.694915,0.278896,0.242236,0.204819
71378,0.769732,0.834862,0.818182,0.293338,0.342282,0.398601
73680,0.759213,0.801802,0.769912,0.294739,0.360544,0.369863
74520,0.772246,0.785714,0.769912,0.283016,0.265823,0.30719
73321,0.799436,0.801802,0.785714,0.306737,0.282051,0.315789
73687,0.777789,0.785714,0.769912,0.301071,0.282051,0.290323
75218,0.784571,0.834862,0.724138,0.265257,0.290323,0.265823
75200,0.795264,0.73913,0.724138,0.297537,0.265823,0.273885
73783,0.780487,0.785714,0.73913,0.299028,0.333333,0.315789
75114,0.787966,0.73913,0.754386,0.285928,0.257862,0.290323
75633,0.761972,0.724138,0.724138,0.290638,0.282051,0.315789
75304,0.773595,0.769912,0.754386,0.264649,0.298701,0.282051
76475,0.762935,0.769912,0.694915,0.265704,0.273885,0.257862
73677,0.806039,0.801802,0.785714,0.290257,0.369863,0.315789
75818,0.730396,0.754386,0.754386,0.285162,0.333333,0.30719
73740,0.772003,0.801802,0.73913,0.281548,0.290323,0.324503
74162,0.803946,0.785714,0.724138,0.311435,0.30719,0.298701
74213,0.796035,0.769912,0.73913,0.307263,0.298701,0.298701
75207,0.780441,0.73913,0.666667,0.309594,0.30719,0.25
74739,0.788962,0.769912,0.709402,0.306177,0.342282,0.30719
74081,0.766582,0.851852,0.769912,0.271288,0.388889,0.324503
75257,0.75987,0.769912,0.680672,0.319895,0.459854,0.342282
74999,0.792502,0.73913,0.694915,0.276741,0.265823,0.30719
73401,0.783899,0.818182,0.754386,0.306139,0.351351,0.351351
73412,0.796255,0.769912,0.73913,0.303313,0.290323,0.282051
73238,0.80105,0.769912,0.754386,0.316017,0.273885,0.315789
75619,0.771597,0.73913,0.666667,0.288062,0.290323,0.290323
76498,0.769973,0.785714,0.694915,0.278674,0.282051,0.265823
74767,0.748706,0.724138,0.769912,0.268169,0.226994,0.273885
75038,0.782225,0.769912,0.73913,0.299727,0.25,0.282051
74161,0.766698,0.73913,0.754386,0.306029,0.257862,0.290323
74361,0.778562,0.785714,0.724138,0.290891,0.290323,0.265823
73972,0.797786,0.785714,0.769912,0.290381,0.333333,0.315789
71865,0.790457,0.754386,0.73913,0.322559,0.333333,0.342282
74960,0.760712,0.754386,0.754386,0.280678,0.273885,0.351351
73620,0.806239,0.785714,0.724138,0.328191,0.388889,0.333333
73378,0.793088,0.801802,0.754386,0.310191,0.290323,0.324503
72417,0.801169,0.818182,0.785714,0.330466,0.369863,0.388889
74293,0.797576,0.754386,0.769912,0.319656,0.315789,0.324503
72975,0.80865,0.801802,0.73913,0.329869,0.342282,0.324503
72332,0.802764,0.834862,0.769912,0.338942,0.351351,0.398601
74113,0.765334,0.818182,0.769912,0.288304,0.388889,0.290323
73090,0.78709,0.818182,0.785714,0.302338,0.333333,0.342282
73218,0.776972,0.724138,0.769912,0.311053,0.265823,0.342282
76267,0.774453,0.754386,0.694915,0.285033,0.290323,0.315789
74619,0.813513,0.801802,0.73913,0.294397,0.315789,0.30719
75531,0.769815,0.801802,0.73913,0.301585,0.351351,0.298701
75865,0.787069,0.73913,0.694915,0.290324,0.242236,0.234568
76327,0.760316,0.801802,0.709402,0.293244,0.324503,0.315789
74658,0.76251,0.724138,0.694915,0.295584,0.290323,0.265823
75146,0.800371,0.785714,0.73913,0.282879,0.242236,0.204819
73678,0.804499,0.801802,0.73913,0.302997,0.298701,0.333333
73170,0.798184,0.869159,0.769912,0.309129,0.398601,0.342282
74152,0.787214,0.801802,0.785714,0.308576,0.398601,0.37931
73312,0.790124,0.769912,0.754386,0.302941,0.282051,0.324503
72256,0.807075,0.834862,0.769912,0.333765,0.369863,0.333333
73772,0.791507,0.769912,0.73913,0.313769,0.290323,0.315789
74483,0.793291,0.785714,0.73913,0.296885,0.298701,0.290323
73656,0.796837,0.754386,0.709402,0.308368,0.298701,0.290323
75715,0.770198,0.785714,0.709402,0.274089,0.273885,0.257862
73844,0.759045,0.851852,0.785714,0.280097,0.351351,0.324503
72799,0.795395,0.769912,0.801802,0.308237,0.282051,0.360544
76685,0.777012,0.724138,0.694915,0.271833,0.234568,0.265823
74816,0.758565,0.724138,0.754386,0.264537,0.257862,0.298701
75664,0.785106,0.724138,0.666667,0.290434,0.30719,0.265823
74925,0.766575,0.801802,0.769912,0.289863,0.342282,0.315789
72466,0.798674,0.769912,0.73913,0.331957,0.324503,0.351351
74911,0.808267,0.801802,0.73913,0.286946,0.273885,0.257862
75908,0.767781,0.709402,0.666667,0.300653,0.25,0.242236
72860,0.801038,0.785714,0.709402,0.32871,0.324503,0.282051
73865,0.76912,0.801802,0.709402,0.289391,0.324503,0.265823
73890,0.790197,0.785714,0.769912,0.297907,0.298701,0.315789
74960,0.793061,0.769912,0.73913,0.279964,0.273885,0.273885
74794,0.791371,0.801802,0.709402,0.285759,0.298701,0.273885
75167,0.759199,0.851852,0.769912,0.270896,0.515152,0.333333
75180,0.766856,0.724138,0.724138,0.260301,0.212121,0.257862
75368,0.776855,0.785714,0.709402,0.296018,0.30719,0.290323
75208,0.767477,0.785714,0.694915,0.297923,0.37931,0.282051
73824,0.789198,0.785714,0.769912,0.302029,0.298701,0.290323
73112,0.812374,0.785714,0.73913,0.324392,0.351351,0.324503
74873,0.789034,0.769912,0.724138,0.306783,0.298701,0.342282
76991,0.752443,0.73913,0.694915,0.278069,0.265823,0.273885
75454,0.762971,0.73913,0.73913,0.29275,0.25,0.290323
74041,0.795227,0.801802,0.73913,0.29343,0.315789,0.290323
74827,0.813223,0.754386,0.73913,0.297289,0.273885,0.298701
74862,0.794038,0.769912,0.724138,0.295573,0.298701,0.273885
75735,0.781642,0.801802,0.769912,0.291959,0.30719,0.290323
74034,0.784025,0.785714,0.694915,0.303068,0.25,0.282051
74810,0.776899,0.801802,0.724138,0.29708,0.360544,0.324503
74462,0.786523,0.754386,0.709402,0.293156,0.315789,0.25
76678,0.771142,0.801802,0.724138,0.275647,0.265823,0.333333
75320,0.781981,0.724138,0.694915,0.296252,0.265823,0.257862
73303,0.809989,0.769912,0.724138,0.315484,0.282051,0.290323
74232,0.780784,0.724138,0.680672,0.319638,0.30719,0.273885
72727,0.788443,0.754386,0.754386,0.322339,0.333333,0.41844
72640,0.812641,0.785714,0.73913,0.348527,0.342282,0.360544
73779,0.752396,0.818182,0.754386,0.290179,0.342282,0.360544
72356,0.806994,0.801802,0.785714,0.322897,0.398601,0.360544
72713,0.810751,0.818182,0.754386,0.321858,0.360544,0.30719
74886,0.806043,0.769912,0.709402,0.320753,0.324503,0.265823
75233,0.751191,0.818182,0.754386,0.26897,0.342282,0.30719
72876,0.802424,0.785714,0.785714,0.327303,0.298701,0.333333
76179,0.763713,0.785714,0.754386,0.27727,0.298701,0.30719
73160,0.80086,0.834862,0.754386,0.321401,0.360544,0.351351
73445,0.805247,0.801802,0.73913,0.332725,0.282051,0.315789
73342,0.777454,0.754386,0.801802,0.292441,0.333333,0.342282
76909,0.739746,0.680672,0.666667,0.274657,0.234568,0.273885
74087,0.790675,0.801802,0.724138,0.320011,0.324503,0.30719
75327,0.800811,0.754386,0.709402,0.293577,0.290323,0.257862
75078,0.766602,0.73913,0.754386,0.266836,0.257862,0.342282
74011,0.794666,0.754386,0.73913,0.305389,0.30719,0.290323
72841,0.805193,0.769912,0.73913,0.345277,0.315789,0.369863
72013,0.784688,0.869159,0.785714,0.314481,0.481481,0.428571
72117,0.784754,0.818182,0.769912,0.333168,0.37931,0.342282
74207,0.756616,0.834862,0.769912,0.252405,0.30719,0.242236
78295,0.765732,0.724138,0.652893,0.291252,0.257862,0.212121
76773,0.781343,0.801802,0.73913,0.273362,0.25,0.298701
73086,0.79604,0.834862,0.785714,0.285717,0.315789,0.298701
74256,0.787648,0.851852,0.769912,0.306901,0.388889,0.351351
74042,0.794366,0.754386,0.73913,0.317782,0.257862,0.315789
76618,0.768282,0.724138,0.652893,0.310055,0.333333,0.351351
73591,0.801203,0.73913,0.709402,0.325366,0.282051,0.282051
73950,0.759054,0.769912,0.801802,0.296543,0.282051,0.333333
75302,0.79534,0.769912,0.709402,0.311301,0.30719,0.30719
74595,0.785599,0.769912,0.73913,0.30374,0.30719,0.333333
76006,0.782624,0.724138,0.694915,0.284031,0.273885,0.290323
73837,0.788268,0.785714,0.754386,0.317011,0.315789,0.351351
74643,0.78876,0.785714,0.754386,0.295837,0.342282,0.273885
74943,0.76155,0.73913,0.709402,0.278806,0.25,0.242236
74833,0.796356,0.801802,0.709402,0.291671,0.30719,0.315789
74102,0.789488,0.801802,0.754386,0.285092,0.315789,0.324503
75413,0.775803,0.724138,0.694915,0.303928,0.315789,0.324503
76218,0.761771,0.834862,0.754386,0.267051,0.342282,0.257862
75094,0.772702,0.724138,0.709402,0.308718,0.315789,0.342282
77226,0.729967,0.680672,0.639344,0.279727,0.342282,0.298701
74942,0.800563,0.754386,0.724138,0.295286,0.234568,0.25
73458,0.801444,0.834862,0.769912,0.31296,0.315789,0.342282
73323,0.799272,0.818182,0.769912,0.304841,0.333333,0.30719
74318,0.749625,0.724138,0.709402,0.2935,0.315789,0.273885
77887,0.730173,0.666667,0.612903,0.276938,0.219512,0.257862
73503,0.760071,0.818182,0.769912,0.283789,0.324503,0.351351
74887,0.803839,0.785714,0.709402,0.320302,0.298701,0.290323
73890,0.804354,0.769912,0.694915,0.328833,0.360544,0.315789
73878,0.764287,0.769912,0.769912,0.284576,0.30719,0.315789
73343,0.782908,0.834862,0.785714,0.290913,0.351351,0.333333
73528,0.820208,0.801802,0.754386,0.320284,0.315789,0.315789
74138,0.764506,0.801802,0.769912,0.282986,0.351351,0.37931
74614,0.775703,0.769912,0.724138,0.315596,0.315789,0.30719
73905,0.811707,0.769912,0.754386,0.294886,0.273885,0.265823
73335,0.794036,0.785714,0.769912,0.327992,0.324503,0.30719
74857,0.767335,0.73913,0.680672,0.274785,0.290323,0.25
73294,0.759197,0.851852,0.818182,0.292109,0.315789,0.324503
73836,0.821273,0.801802,0.724138,0.314686,0.30719,0.265823
73102,0.782998,0.851852,0.769912,0.30981,0.324503,0.360544
72647,0.811948,0.801802,0.73913,0.326329,0.360544,0.360544
77090,0.764193,0.694915,0.652893,0.273015,0.219512,0.219512
74188,0.751079,0.818182,0.769912,0.305001,0.298701,0.333333
74784,0.802707,0.754386,0.709402,0.286497,0.30719,0.265823
73715,0.764007,0.801802,0.73913,0.293663,0.30719,0.315789
75301,0.789597,0.769912,0.724138,0.294913,0.273885,0.298701
74778,0.794414,0.73913,0.694915,0.304043,0.282051,0.282051
74698,0.787328,0.73913,0.709402,0.310797,0.282051,0.273885
74093,0.780803,0.785714,0.73913,0.291703,0.30719,0.25
73082,0.784415,0.834862,0.818182,0.289251,0.408451,0.342282
73673,0.807195,0.801802,0.754386,0.302572,0.342282,0.30719
73667,0.789166,0.754386,0.709402,0.338855,0.30719,0.30719
75660,0.769835,0.709402,0.680672,0.293177,0.257862,0.265823
73281,0.777815,0.754386,0.754386,0.311327,0.324503,0.324503
72365,0.803964,0.801802,0.754386,0.330349,0.298701,0.290323
73016,0.784713,0.818182,0.769912,0.30159,0.290323,0.333333
76279,0.767747,0.709402,0.694915,0.287042,0.242236,0.351351
74964,0.793813,0.754386,0.709402,0.314307,0.315789,0.324503
73046,0.793703,0.785714,0.754386,0.302787,0.333333,0.30719
75974,0.803175,0.769912,0.694915,0.294442,0.282051,0.273885
74002,0.805296,0.818182,0.801802,0.283095,0.265823,0.333333
73040,0.784823,0.818182,0.769912,0.309034,0.360544,0.333333
74223,0.788939,0.754386,0.724138,0.324704,0.282051,0.333333
76382,0.773875,0.785714,0.694915,0.290703,0.30719,0.290323
76291,0.775047,0.801802,0.694915,0.286476,0.315789,0.298701
74059,0.788378,0.769912,0.724138,0.313952,0.298701,0.333333
72848,0.791599,0.785714,0.769912,0.303502,0.315789,0.428571
73788,0.798628,0.785714,0.73913,0.304759,0.273885,0.30719
73704,0.795024,0.785714,0.754386,0.290839,0.315789,0.360544
73992,0.778192,0.769912,0.73913,0.290622,0.290323,0.324503
74496,0.794056,0.754386,0.73913,0.297805,0.234568,0.290323
73805,0.772389,0.785714,0.754386,0.282735,0.351351,0.37931
73772,0.790427,0.769912,0.73913,0.317859,0.342282,0.298701
73626,0.77482,0.834862,0.769912,0.308335,0.369863,0.342282
75003,0.770305,0.754386,0.652893,0.302824,0.342282,0.273885
72997,0.818281,0.818182,0.754386,0.315735,0.324503,0.282051
74690,0.785653,0.769912,0.724138,0.29356,0.290323,0.290323
75963,0.7575,0.73913,0.694915,0.265675,0.265823,0.242236
73378,0.794867,0.785714,0.724138,0.316999,0.324503,0.315789
73677,0.792733,0.834862,0.754386,0.304204,0.315789,0.30719
75585,0.79088,0.754386,0.709402,0.286709,0.298701,0.273885
73366,0.789637,0.818182,0.754386,0.310799,0.342282,0.342282
75182,0.790074,0.709402,0.694915,0.305304,0.298701,0.282051
72552,0.805445,0.801802,0.73913,0.323161,0.273885,0.265823
74661,0.793307,0.754386,0.754386,0.298038,0.282051,0.290323
73732,0.780714,0.785714,0.785714,0.303941,0.315789,0.398601
74247,0.787142,0.818182,0.769912,0.288042,0.351351,0.298701
75144,0.779342,0.801802,0.724138,0.278108,0.342282,0.273885
73620,0.806867,0.801802,0.769912,0.304399,0.282051,0.298701
77958,0.734348,0.73913,0.680672,0.282344,0.30719,0.265823
73405,0.787509,0.785714,0.724138,0.301152,0.315789,0.290323
74944,0.802306,0.801802,0.724138,0.30685,0.298701,0.282051
74718,0.787549,0.785714,0.769912,0.292808,0.298701,0.333333
73579,0.775696,0.785714,0.754386,0.28762,0.298701,0.282051
74058,0.793413,0.818182,0.785714,0.289064,0.298701,0.315789
73500,0.756339,0.801802,0.724138,0.275603,0.282051,0.298701
74835,0.783826,0.785714,0.754386,0.302845,0.282051,0.298701
73504,0.801937,0.851852,0.801802,0.292423,0.30719,0.30719
73883,0.786494,0.769912,0.724138,0.313009,0.333333,0.315789
73831,0.794339,0.754386,0.724138,0.323654,0.257862,0.324503
76534,0.76826,0.801802,0.754386,0.287389,0.30719,0.333333
73768,0.789702,0.818182,0.769912,0.282184,0.315789,0.265823
74205,0.790843,0.818182,0.769912,0.300398,0.351351,0.298701
76117,0.762021,0.709402,0.680672,0.290725,0.290323,0.265823
73566,0.795133,0.869159,0.769912,0.277417,0.351351,0.290323
73723,0.772431,0.769912,0.709402,0.314817,0.398601,0.333333
74836,0.802266,0.724138,0.666667,0.297915,0.257862,0.219512
75135,0.759878,0.785714,0.724138,0.287194,0.369863,0.282051
74843,0.768755,0.769912,0.694915,0.282885,0.324503,0.30719
76067,0.794799,0.73913,0.694915,0.310124,0.265823,0.273885
74642,0.772255,0.801802,0.709402,0.303791,0.360544,0.25
76098,0.748964,0.785714,0.73913,0.276428,0.315789,0.315789
74740,0.789829,0.769912,0.724138,0.312714,0.342282,0.324503
72663,0.814131,0.818182,0.769912,0.324356,0.298701,0.351351
72405,0.819287,0.834862,0.818182,0.307058,0.342282,0.324503
74083,0.808222,0.818182,0.754386,0.313738,0.342282,0.388889
72505,0.817409,0.818182,0.73913,0.342262,0.37931,0.342282
73746,0.787116,0.769912,0.754386,0.293188,0.298701,0.388889
71881,0.809494,0.818182,0.754386,0.347274,0.360544,0.333333
75644,0.773762,0.785714,0.709402,0.275006,0.324503,0.257862
72599,0.794918,0.851852,0.785714,0.300571,0.30719,0.342282
73495,0.807981,0.818182,0.73913,0.31306,0.30719,0.273885
73151,0.777783,0.769912,0.73913,0.292621,0.324503,0.333333
73253,0.788602,0.818182,0.73913,0.30079,0.408451,0.333333
73181,0.800099,0.754386,0.754386,0.307128,0.342282,0.282051
74762,0.769233,0.754386,0.724138,0.289679,0.351351,0.30719
75979,0.78283,0.769912,0.694915,0.292479,0.257862,0.282051
74413,0.761107,0.73913,0.724138,0.281237,0.315789,0.265823
74595,0.806452,0.785714,0.73913,0.277645,0.234568,0.265823
78154,0.762617,0.724138,0.709402,0.268573,0.234568,0.257862
73439,0.787442,0.769912,0.754386,0.295229,0.25,0.273885
74408,0.790384,0.754386,0.73913,0.29606,0.290323,0.257862
74778,0.804218,0.769912,0.724138,0.293007,0.30719,0.257862
77714,0.757238,0.73913,0.680672,0.288022,0.298701,0.298701
74341,0.795656,0.818182,0.769912,0.293963,0.324503,0.360544
75273,0.7795,0.834862,0.73913,0.282408,0.315789,0.315789
74118,0.798159,0.769912,0.724138,0.287036,0.273885,0.273885
75245,0.800304,0.785714,0.73913,0.278951,0.257862,0.298701
73399,0.792845,0.769912,0.709402,0.326757,0.315789,0.333333
73265,0.77009,0.834862,0.769912,0.282554,0.315789,0.282051
74064,0.814259,0.834862,0.754386,0.316944,0.324503,0.273885
73891,0.773453,0.769912,0.73913,0.308342,0.290323,0.315789
76249,0.774497,0.73913,0.694915,0.292539,0.282051,0.25
74420,0.777434,0.801802,0.754386,0.27976,0.351351,0.333333
74470,0.759994,0.801802,0.73913,0.286123,0.290323,0.298701
74631,0.75177,0.834862,0.754386,0.283663,0.351351,0.388889
73651,0.75369,0.769912,0.754386,0.289637,0.333333,0.324503
73590,0.803283,0.769912,0.709402,0.32052,0.324503,0.290323
73421,0.803553,0.818182,0.754386,0.311193,0.342282,0.30719
75957,0.77789,0.724138,0.709402,0.293852,0.324503,0.282051
74676,0.783252,0.754386,0.694915,0.310829,0.273885,0.273885
73704,0.804434,0.754386,0.724138,0.319849,0.282051,0.282051
72408,0.780362,0.851852,0.801802,0.312029,0.333333,0.360544
74189,0.794366,0.73913,0.694915,0.311145,0.30719,0.30719
74167,0.793285,0.834862,0.754386,0.299469,0.30719,0.298701
74237,0.775761,0.769912,0.73913,0.273551,0.282051,0.290323
74727,0.756235,0.709402,0.709402,0.291892,0.282051,0.290323
75843,0.79417,0.785714,0.769912,0.291034,0.290323,0.298701
73707,0.789436,0.785714,0.73913,0.31719,0.333333,0.315789
75244,0.804595,0.785714,0.709402,0.305417,0.290323,0.273885
74779,0.793293,0.801802,0.754386,0.278983,0.324503,0.30719
77043,0.760564,0.680672,0.639344,0.291164,0.226994,0.290323
74016,0.777115,0.818182,0.769912,0.300737,0.324503,0.360544
72986,0.818458,0.851852,0.769912,0.321499,0.315789,0.342282
74978,0.791214,0.754386,0.73913,0.299463,0.324503,0.333333
74145,0.804671,0.754386,0.709402,0.310774,0.265823,0.273885
74329,0.787822,0.818182,0.801802,0.284558,0.265823,0.290323
74612,0.776094,0.73913,0.724138,0.293376,0.290323,0.351351
76088,0.773934,0.73913,0.680672,0.298432,0.273885,0.265823
74878,0.785232,0.754386,0.724138,0.276406,0.298701,0.282051
72763,0.788346,0.785714,0.785714,0.291085,0.298701,0.290323
73809,0.769167,0.785714,0.769912,0.289239,0.342282,0.282051
74720,0.795319,0.73913,0.694915,0.318213,0.290323,0.282051
73999,0.79273,0.754386,0.769912,0.279017,0.273885,0.333333
72719,0.802748,0.801802,0.754386,0.314266,0.315789,0.324503
73439,0.79342,0.801802,0.754386,0.31113,0.273885,0.333333
73746,0.797919,0.818182,0.769912,0.312148,0.324503,0.351351
74858,0.78706,0.754386,0.724138,0.296804,0.30719,0.257862
74751,0.776676,0.785714,0.694915,0.274459,0.324503,0.273885
75442,0.793892,0.73913,0.694915,0.287899,0.257862,0.273885
74982,0.802762,0.769912,0.709402,0.292174,0.265823,0.290323
74132,0.791135,0.785714,0.73913,0.309857,0.298701,0.30719
74989,0.801472,0.73913,0.724138,0.293087,0.298701,0.290323
76077,0.792446,0.754386,0.694915,0.279926,0.226994,0.265823
72758,0.774877,0.801802,0.785714,0.30404,0.282051,0.324503
75248,0.730566,0.694915,0.754386,0.254499,0.25,0.290323
74425,0.808099,0.785714,0.709402,0.306969,0.30719,0.273885
72627,0.79056,0.851852,0.769912,0.293201,0.333333,0.324503
73117,0.802768,0.801802,0.73913,0.320396,0.360544,0.30719
75835,0.750102,0.754386,0.709402,0.293654,0.30719,0.315789
73840,0.793721,0.754386,0.709402,0.312484,0.333333,0.30719
74981,0.775064,0.724138,0.694915,0.297202,0.273885,0.265823
72791,0.786918,0.801802,0.769912,0.314907,0.388889,0.449275
75583,0.757665,0.724138,0.694915,0.279287,0.342282,0.290323
72299,0.789655,0.801802,0.785714,0.332184,0.30719,0.342282
74063,0.80274,0.754386,0.694915,0.31543,0.333333,0.273885
72008,0.757521,0.785714,0.801802,0.303254,0.360544,0.351351
74080,0.777727,0.769912,0.754386,0.290498,0.273885,0.37931
73257,0.785769,0.801802,0.724138,0.317861,0.298701,0.30719
74935,0.775239,0.73913,0.73913,0.299171,0.290323,0.298701
75043,0.753059,0.785714,0.724138,0.275342,0.30719,0.265823
74118,0.797076,0.818182,0.769912,0.290912,0.30719,0.30719
73247,0.770638,0.785714,0.785714,0.293833,0.30719,0.351351
73039,0.788018,0.801802,0.785714,0.31164,0.388889,0.388889
73476,0.793311,0.801802,0.818182,0.308778,0.298701,0.333333
74401,0.794363,0.754386,0.694915,0.295007,0.282051,0.282051
74319,0.760703,0.834862,0.73913,0.29971,0.369863,0.298701
76651,0.784075,0.724138,0.680672,0.306878,0.265823,0.324503
74834,0.782943,0.785714,0.73913,0.296471,0.333333,0.298701
73033,0.784036,0.769912,0.754386,0.321326,0.351351,0.324503
73564,0.786031,0.769912,0.785714,0.299668,0.30719,0.30719
74944,0.784733,0.754386,0.73913,0.277825,0.282051,0.273885
75114,0.76974,0.754386,0.754386,0.256267,0.242236,0.290323
75039,0.773211,0.754386,0.73913,0.279409,0.265823,0.298701
75498,0.78205,0.73913,0.724138,0.277399,0.234568,0.265823
75932,0.773146,0.709402,0.680672,0.302897,0.315789,0.282051
74804,0.765723,0.869159,0.754386,0.267819,0.369863,0.298701
73219,0.805218,0.834862,0.754386,0.311547,0.342282,0.315789
73437,0.799962,0.801802,0.785714,0.289293,0.298701,0.273885
75716,0.772915,0.769912,0.709402,0.29094,0.333333,0.315789
74339,0.797224,0.73913,0.680672,0.290628,0.257862,0.234568
77297,0.770955,0.709402,0.666667,0.265453,0.273885,0.219512
75763,0.73863,0.724138,0.73913,0.283383,0.265823,0.298701
74100,0.81429,0.769912,0.724138,0.319284,0.333333,0.351351
74194,0.793841,0.754386,0.724138,0.305741,0.369863,0.333333
75009,0.794389,0.785714,0.73913,0.308209,0.360544,0.324503
74589,0.750336,0.818182,0.769912,0.278295,0.351351,0.351351
74974,0.786815,0.724138,0.724138,0.296389,0.273885,0.282051
72434,0.77676,0.851852,0.785714,0.299899,0.408451,0.37931
73964,0.786704,0.785714,0.73913,0.293215,0.30719,0.290323
75091,0.762338,0.709402,0.73913,0.292432,0.25,0.315789
75382,0.762333,0.785714,0.754386,0.303089,0.324503,0.428571
75227,0.784356,0.754386,0.724138,0.259246,0.257862,0.257862
74999,0.760109,0.754386,0.785714,0.279128,0.298701,0.333333
75484,0.771379,0.709402,0.680672,0.296279,0.290323,0.315789
73647,0.77313,0.769912,0.724138,0.291938,0.342282,0.37931
74436,0.763754,0.801802,0.724138,0.275533,0.315789,0.298701
75265,0.768033,0.73913,0.73913,0.298637,0.257862,0.324503
73286,0.779246,0.801802,0.709402,0.309724,0.30719,0.298701
72594,0.791686,0.801802,0.785714,0.318891,0.360544,0.342282
73682,0.77665,0.785714,0.724138,0.297819,0.333333,0.282051
73559,0.761507,0.769912,0.754386,0.283845,0.25,0.324503
75948,0.79154,0.754386,0.724138,0.274197,0.234568,0.290323
74760,0.787702,0.754386,0.785714,0.27644,0.290323,0.360544
74734,0.787918,0.769912,0.754386,0.283851,0.30719,0.30719
74221,0.802919,0.785714,0.754386,0.292587,0.315789,0.333333
73476,0.79534,0.801802,0.769912,0.303443,0.282051,0.290323
73772,0.798725,0.785714,0.724138,0.293044,0.242236,0.234568
73646,0.799147,0.785714,0.709402,0.328607,0.398601,0.324503
72154,0.796649,0.801802,0.801802,0.332922,0.324503,0.37931
79520,0.712547,0.652893,0.680672,0.233352,0.234568,0.234568
75677,0.789204,0.73913,0.694915,0.30679,0.315789,0.30719
76465,0.785169,0.754386,0.73913,0.280947,0.265823,0.273885
73876,0.781717,0.769912,0.818182,0.277342,0.257862,0.324503
73361,0.774525,0.818182,0.769912,0.270825,0.290323,0.30719
74843,0.761746,0.834862,0.73913,0.247552,0.273885,0.30719
73805,0.780802,0.724138,0.724138,0.301658,0.25,0.273885
73390,0.791696,0.785714,0.73913,0.308777,0.290323,0.324503
75725,0.770539,0.785714,0.73913,0.275042,0.298701,0.242236
75741,0.776456,0.73913,0.680672,0.274097,0.234568,0.190476
73637,0.773712,0.785714,0.785714,0.291726,0.342282,0.37931
74541,0.782767,0.73913,0.680672,0.317269,0.315789,0.30719
74740,0.738663,0.754386,0.769912,0.29814,0.298701,0.360544
73833,0.806679,0.769912,0.724138,0.304261,0.257862,0.273885
74409,0.789882,0.769912,0.724138,0.303984,0.25,0.30719
74166,0.794624,0.785714,0.754386,0.297515,0.342282,0.315789
73129,0.799833,0.785714,0.754386,0.325366,0.315789,0.333333
74192,0.789616,0.769912,0.694915,0.322777,0.351351,0.282051
73829,0.783951,0.73913,0.694915,0.316626,0.282051,0.298701
72541,0.777891,0.769912,0.754386,0.325646,0.290323,0.333333
76468,0.742956,0.709402,0.680672,0.280529,0.25,0.273885
74610,0.7665,0.769912,0.73913,0.29318,0.333333,0.333333
72401,0.772615,0.785714,0.801802,0.288855,0.324503,0.398601
72310,0.81281,0.801802,0.769912,0.33377,0.351351,0.369863
72684,0.799682,0.818182,0.754386,0.312075,0.324503,0.282051
75272,0.772428,0.694915,0.694915,0.300801,0.273885,0.282051
75208,0.786664,0.801802,0.724138,0.292526,0.369863,0.290323
75188,0.801312,0.754386,0.754386,0.29758,0.298701,0.342282
74307,0.791291,0.73913,0.709402,0.299938,0.265823,0.265823
74904,0.783056,0.724138,0.694915,0.277767,0.226994,0.265823
73680,0.795459,0.785714,0.754386,0.283991,0.282051,0.273885
72895,0.798824,0.869159,0.785714,0.315717,0.315789,0.324503
74018,0.762463,0.754386,0.73913,0.278998,0.290323,0.298701
75037,0.790281,0.754386,0.709402,0.293052,0.298701,0.298701
74990,0.795703,0.73913,0.709402,0.318411,0.290323,0.369863
74291,0.796323,0.785714,0.724138,0.305155,0.315789,0.315789
74159,0.772561,0.785714,0.769912,0.289032,0.273885,0.298701
76483,0.761323,0.73913,0.694915,0.277666,0.273885,0.273885
72983,0.777518,0.818182,0.754386,0.29268,0.398601,0.333333
73294,0.786577,0.834862,0.785714,0.298516,0.290323,0.324503
74243,0.79583,0.754386,0.709402,0.307893,0.273885,0.265823
73432,0.794108,0.818182,0.754386,0.303322,0.369863,0.315789
75609,0.762044,0.709402,0.666667,0.296118,0.273885,0.290323
72582,0.807275,0.785714,0.709402,0.333591,0.298701,0.30719
74389,0.780965,0.754386,0.754386,0.27831,0.290323,0.282051
73641,0.812462,0.818182,0.73913,0.323737,0.333333,0.298701
76270,0.772524,0.785714,0.724138,0.302954,0.257862,0.265823
74484,0.791519,0.785714,0.724138,0.293159,0.273885,0.30719
73950,0.781383,0.785714,0.769912,0.311823,0.324503,0.298701
75858,0.779235,0.754386,0.694915,0.310566,0.257862,0.315789
76290,0.764913,0.73913,0.709402,0.286124,0.282051,0.315789
78027,0.727097,0.73913,0.709402,0.258806,0.242236,0.234568
72239,0.80272,0.818182,0.769912,0.318159,0.30719,0.388889
75118,0.774802,0.785714,0.769912,0.280554,0.30719,0.298701
75224,0.762441,0.769912,0.724138,0.296588,0.324503,0.324503
73785,0.796512,0.818182,0.73913,0.317937,0.351351,0.298701
72724,0.764971,0.834862,0.785714,0.28767,0.360544,0.388889
73730,0.792124,0.785714,0.709402,0.32632,0.333333,0.342282
74087,0.792126,0.754386,0.709402,0.313335,0.324503,0.290323
73378,0.791878,0.785714,0.724138,0.30621,0.342282,0.298701
73894,0.784283,0.754386,0.680672,0.309092,0.324503,0.298701
73692,0.791354,0.769912,0.785714,0.2971,0.30719,0.342282
74923,0.780083,0.709402,0.694915,0.309591,0.30719,0.290323
73969,0.774843,0.785714,0.754386,0.289823,0.315789,0.282051
72324,0.794764,0.801802,0.754386,0.328892,0.30719,0.333333
73462,0.815628,0.785714,0.754386,0.321669,0.315789,0.282051
72867,0.799764,0.834862,0.769912,0.330346,0.408451,0.41844
74609,0.732286,0.801802,0.769912,0.261156,0.290323,0.30719
74871,0.803778,0.785714,0.73913,0.294423,0.315789,0.333333
71578,0.773731,0.834862,0.818182,0.317498,0.388889,0.37931
74079,0.752248,0.73913,0.694915,0.293615,0.351351,0.315789
74050,0.789841,0.769912,0.709402,0.309294,0.324503,0.324503
72811,0.783344,0.769912,0.754386,0.32746,0.324503,0.324503
73347,0.805869,0.801802,0.73913,0.313945,0.265823,0.282051
76120,0.760377,0.724138,0.652893,0.288542,0.257862,0.25
75875,0.785898,0.724138,0.680672,0.303198,0.290323,0.273885
77135,0.777599,0.73913,0.680672,0.295871,0.265823,0.25
73467,0.772577,0.818182,0.754386,0.300498,0.369863,0.360544
74958,0.774124,0.801802,0.724138,0.291468,0.324503,0.282051
74025,0.765733,0.73913,0.680672,0.320781,0.333333,0.273885
75929,0.786026,0.769912,0.694915,0.310816,0.298701,0.282051
76385,0.761471,0.724138,0.680672,0.276994,0.257862,0.290323
74252,0.782413,0.73913,0.694915,0.305467,0.315789,0.282051
74181,0.787532,0.785714,0.73913,0.304513,0.273885,0.273885
74136,0.782859,0.785714,0.73913,0.312979,0.351351,0.298701
75254,0.771354,0.754386,0.724138,0.275222,0.25,0.257862
76882,0.772136,0.724138,0.639344,0.2937,0.30719,0.273885
74336,0.781764,0.769912,0.769912,0.298899,0.333333,0.360544
74307,0.758566,0.709402,0.73913,0.268603,0.273885,0.333333
77858,0.705266,0.652893,0.639344,0.260123,0.234568,0.234568
74003,0.788823,0.785714,0.724138,0.328309,0.298701,0.360544
71967,0.794183,0.818182,0.801802,0.292884,0.282051,0.333333
74927,0.787827,0.801802,0.818182,0.264249,0.298701,0.25
75523,0.775102,0.73913,0.73913,0.291778,0.30719,0.298701
75178,0.803845,0.73913,0.709402,0.302989,0.324503,0.290323
77974,0.76503,0.694915,0.639344,0.291299,0.315789,0.25
73788,0.781486,0.785714,0.769912,0.295771,0.333333,0.333333
74776,0.794819,0.801802,0.754386,0.287159,0.315789,0.298701
73701,0.813429,0.818182,0.754386,0.298727,0.290323,0.290323
78162,0.754417,0.724138,0.709402,0.279927,0.273885,0.25
73122,0.810848,0.834862,0.801802,0.295811,0.290323,0.290323
75975,0.743927,0.709402,0.694915,0.276717,0.273885,0.315789
73860,0.802903,0.801802,0.769912,0.288347,0.290323,0.273885
74269,0.797434,0.754386,0.724138,0.308681,0.257862,0.273885
75895,0.793926,0.785714,0.709402,0.288659,0.265823,0.234568
74544,0.769946,0.754386,0.754386,0.278897,0.333333,0.324503
74367,0.80765,0.754386,0.724138,0.320506,0.351351,0.342282
72896,0.800819,0.834862,0.801802,0.31242,0.30719,0.324503
74091,0.780513,0.785714,0.73913,0.292896,0.298701,0.298701
76057,0.768414,0.754386,0.724138,0.281177,0.324503,0.290323
72072,0.78619,0.801802,0.754386,0.327386,0.333333,0.351351
72991,0.78776,0.851852,0.801802,0.315737,0.351351,0.388889
74253,0.792315,0.769912,0.73913,0.303142,0.290323,0.30719
73717,0.815398,0.769912,0.724138,0.3161,0.324503,0.315789
74431,0.78702,0.769912,0.73913,0.299141,0.315789,0.298701
73841,0.777521,0.834862,0.754386,0.306914,0.369863,0.369863
73536,0.80047,0.785714,0.801802,0.288746,0.265823,0.298701
73835,0.787536,0.724138,0.694915,0.325788,0.282051,0.351351
75268,0.776022,0.724138,0.709402,0.275045,0.315789,0.298701
75654,0.774808,0.769912,0.73913,0.280431,0.25,0.282051
73062,0.815411,0.818182,0.73913,0.328131,0.298701,0.315789
75764,0.765489,0.694915,0.652893,0.305525,0.290323,0.273885
73746,0.790812,0.785714,0.73913,0.303479,0.333333,0.30719
75099,0.759757,0.851852,0.73913,0.278752,0.342282,0.265823
73851,0.81218,0.785714,0.724138,0.311106,0.342282,0.298701
74848,0.786718,0.769912,0.724138,0.295154,0.298701,0.315789
74256,0.787377,0.769912,0.694915,0.302475,0.315789,0.30719
75090,0.800111,0.769912,0.709402,0.313139,0.342282,0.273885
73462,0.799072,0.818182,0.754386,0.31389,0.351351,0.388889
72522,0.80779,0.785714,0.754386,0.32278,0.324503,0.298701
72821,0.765248,0.769912,0.73913,0.30274,0.315789,0.30719
72857,0.802928,0.785714,0.754386,0.318887,0.282051,0.315789
74283,0.752237,0.785714,0.709402,0.284505,0.30719,0.342282
74025,0.786109,0.754386,0.724138,0.32731,0.282051,0.290323
74217,0.792531,0.769912,0.754386,0.29558,0.257862,0.242236
74759,0.763184,0.769912,0.73913,0.267263,0.219512,0.242236
74214,0.795509,0.754386,0.73913,0.307777,0.342282,0.315789
73396,0.802177,0.785714,0.709402,0.320256,0.30719,0.273885
74255,0.799439,0.769912,0.709402,0.302519,0.333333,0.30719
72632,0.812652,0.818182,0.73913,0.335123,0.37931,0.315789
73768,0.794948,0.785714,0.73913,0.295515,0.290323,0.282051
73552,0.794744,0.785714,0.769912,0.303872,0.290323,0.351351
72615,0.806189,0.834862,0.801802,0.298462,0.298701,0.333333
72686,0.793713,0.769912,0.754386,0.316805,0.324503,0.369863
73915,0.790605,0.73913,0.724138,0.295581,0.290323,0.265823
72571,0.810258,0.818182,0.801802,0.315785,0.315789,0.342282
73821,0.790084,0.724138,0.724138,0.306628,0.282051,0.351351
72932,0.762566,0.801802,0.754386,0.289104,0.351351,0.324503
74604,0.771555,0.73913,0.724138,0.306139,0.315789,0.342282
75927,0.760143,0.724138,0.652893,0.295987,0.257862,0.265823
76325,0.761797,0.709402,0.639344,0.279514,0.290323,0.257862
72723,0.757169,0.754386,0.801802,0.301779,0.369863,0.360544
74861,0.804675,0.769912,0.724138,0.299329,0.265823,0.282051
73294,0.789313,0.818182,0.754386,0.324859,0.315789,0.298701
74035,0.774364,0.801802,0.754386,0.296361,0.282051,0.324503
73649,0.792759,0.769912,0.73913,0.298523,0.265823,0.273885
74722,0.792604,0.769912,0.694915,0.306019,0.324503,0.298701
78096,0.746509,0.724138,0.666667,0.250085,0.197605,0.212121
75017,0.792386,0.785714,0.724138,0.288429,0.333333,0.290323
73785,0.768543,0.754386,0.73913,0.31476,0.333333,0.360544
74719,0.740019,0.724138,0.724138,0.278146,0.30719,0.298701
73705,0.800838,0.801802,0.724138,0.313382,0.351351,0.342282
74298,0.80695,0.754386,0.694915,0.312705,0.369863,0.298701
74264,0.751894,0.754386,0.769912,0.285274,0.30719,0.315789
73702,0.802408,0.769912,0.694915,0.326358,0.282051,0.282051
73262,0.79726,0.869159,0.769912,0.302513,0.342282,0.315789
75250,0.79927,0.754386,0.694915,0.288367,0.265823,0.25
72078,0.78514,0.834862,0.785714,0.303325,0.342282,0.324503
74529,0.766645,0.694915,0.709402,0.302169,0.315789,0.351351
73124,0.770258,0.834862,0.834862,0.278341,0.342282,0.369863
74034,0.788013,0.724138,0.694915,0.322046,0.315789,0.30719
74111,0.814171,0.801802,0.724138,0.315609,0.342282,0.282051
74213,0.747162,0.801802,0.709402,0.311732,0.398601,0.298701
72671,0.76367,0.785714,0.818182,0.300569,0.360544,0.398601
74695,0.771611,0.694915,0.680672,0.316558,0.257862,0.282051
74808,0.777218,0.769912,0.694915,0.285954,0.290323,0.265823
75006,0.801426,0.785714,0.694915,0.304914,0.324503,0.25
75272,0.786192,0.769912,0.724138,0.293419,0.333333,0.333333
74504,0.793085,0.818182,0.73913,0.306666,0.290323,0.290323
71906,0.813038,0.785714,0.769912,0.329327,0.315789,0.30719
74720,0.799518,0.769912,0.709402,0.307008,0.30719,0.298701
73960,0.783803,0.785714,0.785714,0.288641,0.290323,0.298701
72944,0.808467,0.801802,0.724138,0.344308,0.333333,0.315789
73704,0.787898,0.818182,0.754386,0.292552,0.333333,0.315789
74517,0.813692,0.769912,0.709402,0.303534,0.242236,0.226994
73248,0.78563,0.769912,0.73913,0.308256,0.315789,0.333333
73918,0.77899,0.754386,0.769912,0.28357,0.265823,0.273885
72633,0.804692,0.834862,0.801802,0.313321,0.342282,0.360544
73398,0.808369,0.769912,0.724138,0.310934,0.342282,0.30719
75515,0.783553,0.73913,0.709402,0.282256,0.30719,0.30719
74473,0.796823,0.785714,0.709402,0.313721,0.369863,0.333333
74706,0.774043,0.769912,0.724138,0.307538,0.265823,0.290323
74004,0.766437,0.709402,0.709402,0.303991,0.315789,0.30719
75099,0.784067,0.73913,0.724138,0.298536,0.282051,0.273885
72631,0.806382,0.818182,0.785714,0.330761,0.369863,0.324503
74996,0.797726,0.724138,0.709402,0.285669,0.282051,0.30719
75846,0.7731,0.73913,0.680672,0.29832,0.290323,0.265823
75139,0.75705,0.724138,0.73913,0.277885,0.298701,0.290323
73623,0.768539,0.769912,0.785714,0.309266,0.324503,0.37931
74131,0.806469,0.724138,0.709402,0.318494,0.25,0.282051
73099,0.776878,0.869159,0.801802,0.290548,0.408451,0.428571
76020,0.789928,0.754386,0.754386,0.276733,0.234568,0.290323
74874,0.735271,0.785714,0.769912,0.285242,0.398601,0.37931
73193,0.788818,0.869159,0.769912,0.30212,0.37931,0.351351
75942,0.739367,0.724138,0.694915,0.287934,0.257862,0.298701
74467,0.80377,0.785714,0.724138,0.302354,0.290323,0.298701
75160,0.770473,0.785714,0.754386,0.276285,0.324503,0.265823
74492,0.771608,0.754386,0.754386,0.298839,0.342282,0.290323
74221,0.77964,0.769912,0.709402,0.318547,0.342282,0.298701
74622,0.811862,0.818182,0.754386,0.320909,0.30719,0.351351
74234,0.782831,0.73913,0.724138,0.308444,0.282051,0.273885
73222,0.785946,0.769912,0.73913,0.312241,0.342282,0.298701
78209,0.755241,0.694915,0.680672,0.262279,0.212121,0.257862
73661,0.766559,0.769912,0.709402,0.285186,0.298701,0.298701
74014,0.786463,0.73913,0.709402,0.295397,0.273885,0.282051
75208,0.766048,0.785714,0.724138,0.307928,0.315789,0.282051
74850,0.779689,0.754386,0.709402,0.303756,0.298701,0.290323
75442,0.71445,0.709402,0.724138,0.260882,0.265823,0.30719
74440,0.814545,0.769912,0.709402,0.29314,0.298701,0.282051
75544,0.752308,0.724138,0.694915,0.25276,0.242236,0.265823
71649,0.794159,0.801802,0.818182,0.323787,0.298701,0.37931
73292,0.79397,0.769912,0.724138,0.305457,0.298701,0.298701
76329,0.751912,0.785714,0.709402,0.28922,0.324503,0.351351
72167,0.788243,0.801802,0.785714,0.340507,0.37931,0.342282
73099,0.785866,0.769912,0.73913,0.299884,0.273885,0.30719
72784,0.787717,0.801802,0.769912,0.314479,0.41844,0.333333
74917,0.775027,0.73913,0.694915,0.313835,0.360544,0.30719
74607,0.781304,0.818182,0.724138,0.284206,0.290323,0.25
77043,0.730524,0.754386,0.709402,0.254323,0.315789,0.234568
74486,0.764648,0.724138,0.754386,0.31605,0.273885,0.324503
73388,0.801536,0.769912,0.724138,0.323784,0.298701,0.30719
74229,0.796536,0.801802,0.709402,0.320118,0.351351,0.315789
73102,0.805383,0.769912,0.724138,0.345178,0.342282,0.351351
73455,0.775925,0.73913,0.785714,0.287862,0.257862,0.315789
72240,0.780538,0.801802,0.834862,0.314474,0.351351,0.37931
73817,0.767536,0.754386,0.73913,0.298993,0.324503,0.298701
74397,0.791048,0.801802,0.709402,0.29007,0.351351,0.282051
73046,0.820631,0.801802,0.73913,0.338192,0.360544,0.333333
72361,0.79542,0.818182,0.754386,0.340069,0.398601,0.37931
73498,0.77123,0.73913,0.724138,0.308049,0.290323,0.315789
74935,0.792909,0.754386,0.709402,0.299911,0.282051,0.315789
77571,0.726128,0.801802,0.724138,0.254512,0.351351,0.315789
74794,0.781689,0.754386,0.709402,0.289848,0.324503,0.298701
72733,0.792115,0.754386,0.73913,0.335081,0.333333,0.342282
72774,0.808154,0.785714,0.73913,0.322721,0.30719,0.333333
73719,0.781874,0.769912,0.754386,0.292802,0.282051,0.315789
74443,0.796614,0.769912,0.724138,0.321181,0.324503,0.282051
74462,0.78165,0.724138,0.680672,0.303197,0.282051,0.273885
73658,0.802311,0.785714,0.73913,0.329368,0.333333,0.315789
75090,0.796894,0.818182,0.709402,0.302709,0.315789,0.273885
75239,0.772798,0.785714,0.709402,0.279321,0.30719,0.234568
73458,0.785185,0.818182,0.785714,0.303249,0.351351,0.360544
73980,0.7835,0.709402,0.724138,0.302959,0.257862,0.273885
74092,0.787056,0.785714,0.73913,0.291499,0.265823,0.282051
73635,0.811793,0.754386,0.724138,0.309628,0.234568,0.265823
74294,0.796518,0.769912,0.73913,0.319977,0.30719,0.324503
73371,0.764876,0.785714,0.818182,0.294392,0.273885,0.324503
75736,0.773924,0.694915,0.680672,0.291981,0.234568,0.265823
74541,0.790405,0.73913,0.724138,0.307792,0.273885,0.298701
75091,0.796673,0.754386,0.724138,0.301889,0.290323,0.324503
74640,0.790297,0.785714,0.73913,0.334179,0.351351,0.369863
72846,0.779009,0.851852,0.769912,0.300673,0.388889,0.333333
73077,0.801781,0.818182,0.754386,0.29686,0.290323,0.30719
72739,0.792629,0.818182,0.769912,0.317437,0.351351,0.30719
75644,0.7982,0.769912,0.709402,0.278317,0.290323,0.265823
74183,0.78173,0.769912,0.73913,0.314105,0.360544,0.342282
73707,0.780669,0.785714,0.769912,0.272371,0.265823,0.234568
73477,0.798066,0.818182,0.785714,0.271788,0.290323,0.324503
74729,0.808054,0.754386,0.709402,0.315627,0.315789,0.324503
